category_name,title,link
Фены, Фен Philips BHD300/10 ,/product/view/fen-philips-bhd300-10
Фены, Фен Philips BHD341/10 ,/product/view/fen-philips-bhd341-10
Фены, Фен Philips BHD360/20 ,/product/view/fen-philips-bhd360-20
Фены, Фен-щетка Philips HP8667/00 ,/product/view/fen-schetka-philips-hp8667-00
Фены, Фен-щетка Polaris PHS 0746 ,/product/view/fen-schetka-polaris-phs-0746
Фены, Фен-щетка Polaris PHS 0803 ,/product/view/fen-schetka-polaris-phs-0803
Фены, Фен-щетка Polaris PHS 1203i ,/product/view/fen-schetka-polaris-phs-1203i
Фены, Фен-щетка Polaris PHS 1055i ,/product/view/fen-schetka-polaris-phs-1055i
Фены, Фен Vitek VT-8208 ,/product/view/fen-vitek-vt-8208
Фены, Фен Vitek VT-8207 ,/product/view/fen-vitek-vt-8207
Фены, Фен-щетка Vitek VT-8238 ,/product/view/fen-schetka-vitek-vt-8238
Фены, Фен Vitek VT-8204 ,/product/view/fen-vitek-vt-8204
Фены, Фен Redmond RF-532 ,/product/view/fen-redmond-rf-532
Фены, Фен-щетка Vitek VT-8241 ,/product/view/fen-schetka-vitek-vt-8241
Фены, Фен Centek CT-2217  ,/product/view/fen-centek-ct-2217
Фены, Фен Vitek VT-8223 ,/product/view/fen-vitek-vt-8223
Фены, Фен Centek CT-2239 черный ,/product/view/fen-centek-ct-2239-chernyy
Фены, Фен Centek CT-2239 моко ,/product/view/fen-centek-ct-2239-moko
Фены, Фен Vitek VT-8211 ,/product/view/fen-vitek-vt-8211
Фены, Фен-щетка Rowenta CF3910F0 ,/product/view/fen-schetka-rowenta-cf3910f0
category_name,title,link
Фены, Фен-щетка Polaris PHS 0745  ,/product/view/fen-schetka-polaris-phs-0745
Фены, Фен Vitek VT-2261 ,/product/view/fen-vitek-vt-2261
Фены, Фен PANASONIC EH-NE31P865 ,/product/view/fen-panasonic-eh-ne31p865
Фены, Фен Remington  D2400 ,/product/view/fen-remington-d2400
Фены, Фен Redmond RF-534 ,/product/view/fen-redmond-rf-534
Фены, Фен Remington  D3010 ,/product/view/fen-remington-d3010
Фены, Фен Remington  D3080 ,/product/view/fen-remington-d3080
Фены, Фен Remington  D3710 ,/product/view/fen-remington-d3710
Фены, Фен Remington  D5000 E51 ,/product/view/fen-remington-d5000-e51
Фены, Фен Maxwell MW-2007 ,/product/view/fen-maxwell-mw-2007
Фены, Фен Remington  D5005 E51 ,/product/view/fen-remington-d5005-e51
Фены, Фен Remington  D5210 E 51 ,/product/view/fen-remington-d5210-e-51
Фены, Фен Remington  D5215 E 51 ,/product/view/fen-remington-d5215-e-51
Фены, Фен Remington  D5220 E 51 ,/product/view/fen-remington-d5220-e-51
Фены, Фен-щетка Remington AS300 ,/product/view/fen-schetka-remington-as300
Фены, Фен Philips BHD002 ,/product/view/fen-philips-bhd002
Фены, Фен Xiaomi Mijia Water Ion Dryer ,/product/view/fen-xiaomi-mijia-water-ion-dryer
Фены, Фен Vitek VT-8200 BN ,/product/view/fen-vitek-vt-8200-bn
Фены, Фен Philips BHD004 ,/product/view/fen-philips-bhd004
Фены, Фен Zelmer 33Z012 Elegance ,/product/view/fen-zelmer-33z012-elegance
category_name,title,link
Фены, Фен Zelmer 33Z016 ,/product/view/fen-zelmer-33z016
Фены, Фен Sinbo SHD-7044 ,/product/view/fen-sinbo-shd-7044
Фены, Фен Xiaomi Mijia Portable Negative Ion Electric Hair Dryer ,/product/view/fen-xiaomi-mijia-portable-negative-ion-electric-hair-dryer
Фены, Фен Sinbo SHD 7053 ,/product/view/fen-sinbo-shd-7053
Фены, Фен Remington D3711 ,/product/view/fen-remington-d3711
Фены, Фен Remington D5219 ,/product/view/fen-remington-d5219
Фены, Фен VITEK VT-2328BK ,/product/view/fen-vitek-vt-2328bk
Фены, Фен VITEK VT-2534BK ,/product/view/fen-vitek-vt-2534bk
Фены, Фен Vitek VT-8203 ,/product/view/fen-vitek-vt-8203
Фены, Фен Sinbo SHD 7054 ,/product/view/fen-sinbo-shd-7054
Фены, Фен Sinbo SHD 7056 ,/product/view/fen-sinbo-shd-7056
Фены, Фен Galaxy GL4350 ,/product/view/fen-galaxy-gl4350
Фены, Фен Philips BHD017/40 ,/product/view/fen-philips-bhd017-40
Фены, Фен Zelmer HD1003 ,/product/view/fen-zelmer-hd1003
Фены, Дорожный фен Beurer HDE 15 ,/product/view/dorozhnyy-fen-beurer-hde-15
Фены, Фен для волос Beurer HDE 30 ,/product/view/fen-dlya-volos-beurer-hde-30
Фены, Фен для волос Beurer HDE40 ,/product/view/fen-dlya-volos-beurer-hde40
Фены, Фен Sinbo SHD 7055 ,/product/view/fen-sinbo-shd-7055
Фены, Фен Sinbo SHD-2696 ,/product/view/fen-sinbo-shd-2696
Фены, Фен-щетка Beurer HTE 40 ,/product/view/fen-schetka-beurer-hte-40
category_name,title,link
Шины всесезонные, Шина всесезонная Kenda Kenetica 4S KR202 195/55 R16 ,/product/view/shina-vsesezonnaya-kenda-kenetica-4s-kr202-195-55-r16
Шины всесезонные, Шина всесезонная iLink Maho77 245/65 R17 ,/product/view/shina-vsesezonnaya-ilink-maho77-245-65-r17
Шины всесезонные, Шина всесезонная Faralong FL705 R17 225/65 ,/product/view/shina-vsesezonnaya-faralong-fl705-r17-225-65
Шины всесезонные, Всесезонная шина Кама НК И-502 225/85 R15C ,/product/view/vsesezonnaya-shina-kama-nk-i-502-225-85-r15c
Шины всесезонные, Шина всесезонная Кама HK-217 175/65 R14 ,/product/view/shina-vsesezonnaya-kama-hk-217-175-65-r14
Шины всесезонные, Шина всесезонная Кама 232 205/70 R15 ,/product/view/shina-vsesezonnaya-kama-232-205-70-r15
Шины всесезонные, Шина всесезонная Кама Euro-236 185/65 R14 ,/product/view/shina-vsesezonnaya-kama-euro-236-185-65-r14
Шины всесезонные, Шина всесезонная Кама Euro-236 185/65 R15 ,/product/view/shina-vsesezonnaya-kama-euro-236-185-65-r15
Шины всесезонные, Шина всесезонная Кама HK-241 175/65 R14 ,/product/view/shina-vsesezonnaya-kama-hk-241-175-65-r14
Шины всесезонные, Шина всесезонная Кама HK-241 185/65 R14 ,/product/view/shina-vsesezonnaya-kama-hk-241-185-65-r14
Шины всесезонные, Шина всесезонная Кама HK-241 195/65 R15 ,/product/view/shina-vsesezonnaya-kama-hk-241-195-65-r15
Шины всесезонные, Шина всесезонная Kenda Komet Plus KR23 175/65 R14 ,/product/view/shina-vsesezonnaya-kenda-komet-plus-kr23-175-65-r14
Шины всесезонные, Шина всесезонная Кама HK-242 215/65 R16 ,/product/view/shina-vsesezonnaya-kama-hk-242-215-65-r16
Шины всесезонные, Шина всесезонная Кама HK-242 215/70 R16 ,/product/view/shina-vsesezonnaya-kama-hk-242-215-70-r16
Шины всесезонные, Шина всесезонная Kenda Komet Plus KR23 215/60 R16 ,/product/view/shina-vsesezonnaya-kenda-komet-plus-kr23-215-60-r16
Шины всесезонные, Шина всесезонная Maxtrek SU810 185/80 R14 ,/product/view/shina-vsesezonnaya-maxtrek-su810-185-80-r14
Шины всесезонные, Шина всесезонная Maxtrek Sierra S6 225/70 R16 ,/product/view/shina-vsesezonnaya-maxtrek-sierra-s6-225-70-r16
Шины всесезонные, Шина всесезонная Maxtrek Sierra S6 255/70 R16 ,/product/view/shina-vsesezonnaya-maxtrek-sierra-s6-255-70-r16
Шины всесезонные, Шина всесезонная Maxtrek Sierra S6 265/65 R17 ,/product/view/shina-vsesezonnaya-maxtrek-sierra-s6-265-65-r17
Шины всесезонные, Шина всесезонная Maxtrek Sierra S6 235/50 R18 ,/product/view/shina-vsesezonnaya-maxtrek-sierra-s6-235-50-r18
category_name,title,link
Шины всесезонные, Шина всесезонная Maxtrek Sierra S6 235/55 R18 ,/product/view/shina-vsesezonnaya-maxtrek-sierra-s6-235-55-r18
Шины всесезонные, Шина всесезонная Centara Adventure AT RX728 235/60 R18 ,/product/view/shina-vsesezonnaya-centara-adventure-at-rx728-235-60-r18
Шины всесезонные, Шина всесезонная Maxtrek Sierra S6 235/60 R18 ,/product/view/shina-vsesezonnaya-maxtrek-sierra-s6-235-60-r18
Шины всесезонные, Шина всесезонная Maxtrek SMT A7 235/70 R16 ,/product/view/shina-vsesezonnaya-maxtrek-smt-a7-235-70-r16
Шины всесезонные, Шина всесезонная Maxtrek SU800 265/65 R17 ,/product/view/shina-vsesezonnaya-maxtrek-su800-265-65-r17
Шины всесезонные, Шина всесезонная Кама HK-242 185/75 R16 ,/product/view/shina-vsesezonnaya-kama-hk-242-185-75-r16
Шины всесезонные, Шина всесезонная Maxtrek SU800 265/60 R18 ,/product/view/shina-vsesezonnaya-maxtrek-su800-265-60-r18
Шины всесезонные, Шина всесезонная Maxtrek Sierra S6 245/65 R17 ,/product/view/shina-vsesezonnaya-maxtrek-sierra-s6-245-65-r17
Шины всесезонные, Шина всесезонная Maxtrek SU810 195/60 R14C ,/product/view/shina-vsesezonnaya-maxtrek-su810-195-60-r14c
Шины всесезонные, Шина всесезонная Faralong FL705 R16 225/70 ,/product/view/shina-vsesezonnaya-faralong-fl705-r16-225-70
Шины всесезонные, Шина всесезонная iLink Powercity77 265/65 R17 ,/product/view/shina-vsesezonnaya-ilink-powercity77-265-65-r17
Шины всесезонные, Всесезонная шина Кама НК И-359 225/75 R16C ,/product/view/vsesezonnaya-shina-kama-nk-i-359-225-75-r16c
Шины всесезонные, Nexen Roadian A/T Pro RA8 265/75 R16 ,/product/view/nexen-roadian-a-t-pro-ra8-265-75-r16
Шины всесезонные, Шина всесезонная Кама 230 185/65 R14 ,/product/view/shina-vsesezonnaya-kama-230-185-65-r14
Шины всесезонные, Шина всесезонная Кама HK-241 185/70 R14 ,/product/view/shina-vsesezonnaya-kama-hk-241-185-70-r14
Шины всесезонные, Шина всесезонная Kenda Komet Plus KR23 175/70 R13 ,/product/view/shina-vsesezonnaya-kenda-komet-plus-kr23-175-70-r13
Шины всесезонные, Шина всесезонная Kenda Komet Plus KR23 185/65 R14 ,/product/view/shina-vsesezonnaya-kenda-komet-plus-kr23-185-65-r14
Шины всесезонные, Шина всесезонная Кама HK-242 205/70 R15 ,/product/view/shina-vsesezonnaya-kama-hk-242-205-70-r15
Шины всесезонные, Шина всесезонная Kenda Komet Plus KR23 205/65 R16 ,/product/view/shina-vsesezonnaya-kenda-komet-plus-kr23-205-65-r16
Шины всесезонные, Шина всесезонная Kenda Komet Plus KR23 215/65 R16 ,/product/view/shina-vsesezonnaya-kenda-komet-plus-kr23-215-65-r16
category_name,title,link
Шины всесезонные, Шина всесезонная iLink Powercity77 235/65 R17 ,/product/view/shina-vsesezonnaya-ilink-powercity77-235-65-r17
Шины всесезонные, Шина всесезонная iLink Powercity77 225/70 R16 ,/product/view/shina-vsesezonnaya-ilink-powercity77-225-70-r16
Шины всесезонные, Шина всесезонная iLink Powercity77 265/75 R16 ,/product/view/shina-vsesezonnaya-ilink-powercity77-265-75-r16
Шины всесезонные, Шина всесезонная Federal 235/70 R16 Couragia А/Т ,/product/view/shina-vsesezonnaya-federal-235-70-r16-couragia-a-t
Шины всесезонные, Шина всесезонная Maxtrek SU800 265/75 R15 ,/product/view/shina-vsesezonnaya-maxtrek-su800-265-75-r15
Шины всесезонные, Шина всесезонная Centara Adventure AT RX728 235/70 R16 ,/product/view/shina-vsesezonnaya-centara-adventure-at-rx728-235-70-r16
Шины всесезонные, Шина всесезонная Maxtrek Sierra S6 265/60 R18 ,/product/view/shina-vsesezonnaya-maxtrek-sierra-s6-265-60-r18
Шины всесезонные, Шина всесезонная Centara Adventure AT RX728 225/65 R17 ,/product/view/shina-vsesezonnaya-centara-adventure-at-rx728-225-65-r17
Шины всесезонные, Шина всесезонная Maxtrek Sierra S6 235/55 R19 ,/product/view/shina-vsesezonnaya-maxtrek-sierra-s6-235-55-r19
Шины всесезонные, Шина всесезонная Centara Adventure AT RX728 285/60 R18 ,/product/view/shina-vsesezonnaya-centara-adventure-at-rx728-285-60-r18
Шины всесезонные, Шина всесезонная Maxtrek SMT A7 265/65 R17 ,/product/view/shina-vsesezonnaya-maxtrek-smt-a7-265-65-r17
Шины всесезонные, Шина всесезонная Federal Couragia A/T 285/65 R17 116H ,/product/view/shina-vsesezonnaya-federal-couragia-a-t-285-65-r17-116h
Шины всесезонные, Шина всесезонная Maxtrek SU810 195/70 R15C ,/product/view/shina-vsesezonnaya-maxtrek-su810-195-70-r15c
Шины всесезонные, Шина всесезонная Maxtrek Sierra S6 225/60 R17 ,/product/view/shina-vsesezonnaya-maxtrek-sierra-s6-225-60-r17
Шины всесезонные, Шина всесезонная Maxtrek Sierra S6 235/65 R17 ,/product/view/shina-vsesezonnaya-maxtrek-sierra-s6-235-65-r17
Шины всесезонные, Шина всесезонная Maxtrek Sierra S6 245/55 R19 ,/product/view/shina-vsesezonnaya-maxtrek-sierra-s6-245-55-r19
Шины всесезонные, Шина всесезонная Maxtrek Sierra S6 285/60 R18 ,/product/view/shina-vsesezonnaya-maxtrek-sierra-s6-285-60-r18
Шины всесезонные, Шина всесезонная Nexen 235/75 R15 RO-A/T II (Корея) ,/product/view/shina-vsesezonnaya-nexen-235-75-r15-ro-a-t-ii-koreya
Шины всесезонные, Шина всесезонная Kenda Komet Plus KR23 185/65 R15 ,/product/view/shina-vsesezonnaya-kenda-komet-plus-kr23-185-65-r15
category_name,title,link
Кофеварки, Кофеварка Hotpoint-Ariston CM-5038 IX HA ,/product/view/kofevarka-hotpoint-ariston-cm-5038-ix-ha
Кофеварки, Кофеварка KitchenAid KQXXX 45600 ,/product/view/kofevarka-kitchenaid-kqxxx-45600
Кофеварки, Кофеварка Delonghi ECAM-350.55B ,/product/view/kofevarka-delonghi-ecam-350-55b
Кофеварки, Кофеварка Delonghi ETAM-29.660.SB ,/product/view/kofevarka-delonghi-etam-29-660-sb
Кофеварки, Кофемашина Delonghi ECAM 550.65.SB ,/product/view/kofemashina-delonghi-ecam-550-65-sb
Кофеварки, Кофеварка Grundig KM 4620 ,/product/view/kofevarka-grundig-km-4620
Кофеварки, Кофеварка Centek CT-1162 ,/product/view/kofevarka-centek-ct-1162
Кофеварки, Вспениватель молока Delonghi EMFI.CP ,/product/view/vspenivatel-moloka-delonghi-emfi-cp
Кофеварки, Стакан для взбивания молока PHILIPS HD8145 MILK CARAFE ,/product/view/stakan-dlya-vzbivaniya-moloka-philips-hd8145-milk-carafe
Кофеварки, Стакан для взбивания молока PHILIPS HD8147 MILK CARAFE ,/product/view/stakan-dlya-vzbivaniya-moloka-philips-hd8147-milk-carafe
Кофеварки, Кофеварка Centek CT-1144 ,/product/view/kofevarka-centek-ct-1144
Кофеварки, Кофеварка Lex LX-3501-1 ,/product/view/kofevarka-lex-lx-3501-1
Кофеварки, Кофемашина Philips EP2220/10  ,/product/view/kofemashina-philips-ep2220-10
Кофеварки, Кофеварка Moulin Villa Luna CML-6-I черная ,/product/view/kofevarka-moulin-villa-luna-cml-6-i-chernaya
Кофеварки, Кофеварка Moulin Villa Lungo CML-6 черная ,/product/view/kofevarka-moulin-villa-lungo-cml-6-chernaya
Кофеварки, Кофеварка Moulin Villa Lungo CML-9 черная ,/product/view/kofevarka-moulin-villa-lungo-cml-9-chernaya
Кофеварки, Кофеварка Bene F-10 BK ,/product/view/kofevarka-bene-f-10-bk
Кофеварки, Кофеварка De'Longhi Alicia EMKM 6.B ,/product/view/kofevarka-de-longhi-alicia-emkm-6-b
Кофеварки, Кофеварка Braun KF 47/1 белая ,/product/view/kofevarka-braun-kf-47-1-belaya
Кофеварки, Кофеварка Delonghi ICM17210 ,/product/view/kofevarka-delonghi-icm17210
category_name,title,link
Кофеварки, Кофеварка Philips HD7461/00 ,/product/view/kofevarka-philips-hd7461-00
Кофеварки, Кофеварка Philips HD 7462/20 ,/product/view/kofevarka-philips-hd-7462-20
Кофеварки, Кофеварка Russell Hobbs 25610-56 ,/product/view/kofevarka-russell-hobbs-25610-56
Кофеварки, Кофеварка Russell Hobbs 22000-56 ,/product/view/kofevarka-russell-hobbs-22000-56
Кофеварки, Кофеварка Redmond RCM-1510 ,/product/view/kofevarka-redmond-rcm-1510
Кофеварки, Кофеварка Vitek VT-1506BK ,/product/view/kofevarka-vitek-vt-1506bk
Кофеварки, Встраиваемая кофемашина Hotpoint-Ariston MCK 103 X ,/product/view/vstraivaemaya-kofemashina-hotpoint-ariston-mck-103-x
Кофеварки, Кофеварка REDMOND RCM-1503 ,/product/view/kofevarka-redmond-rcm-1503
Кофеварки, Кофеварка DeLonghi ECP 31.21 ,/product/view/kofevarka-delonghi-ecp-31-21
Кофеварки, Кофе машина Russell Hobbs 14741-56 Allure ,/product/view/kofe-mashina-russell-hobbs-14741-56-allure
Кофеварки, Кофе машина Russell Hobbs 14742-56 Glass Touch ,/product/view/kofe-mashina-russell-hobbs-14742-56-glass-touch
Кофеварки, Кофеварка рожковая Delonghi ECP-33.21 ,/product/view/kofevarka-rozhkovaya-delonghi-ecp-33-21
Кофеварки, Кофеварка Philips HD-7459 ,/product/view/kofevarka-philips-hd-7459
Кофеварки, Кофемашина DeLonghi ECAM 650.85.MS ,/product/view/kofemashina-delonghi-ecam-650-85-ms
Кофеварки, Вспениватель молока Philips Milk Twister CA6500/63 ,/product/view/vspenivatel-moloka-philips-milk-twister-ca6500-63
Кофеварки, Кофе машина  Russell Hobbs 19310-56 Futura ,/product/view/kofe-mashina-russell-hobbs-19310-56-futura
Кофеварки, Кофемашина Delonghi ECAM-550.75 MS ,/product/view/kofemashina-delonghi-ecam-550-75-ms
Кофеварки, Кофеварка Beko FCM1321W ,/product/view/kofevarka-beko-fcm1321w
Кофеварки, Кофеварка Vitek VT-1502 Bk ,/product/view/kofevarka-vitek-vt-1502-bk
Кофеварки, Встраиваемая кофемашина AEG KKE 884500B ,/product/view/vstraivaemaya-kofemashina-aeg-kke-884500b
category_name,title,link
Кофеварки, Кофеварка Vitek VT-1521 ,/product/view/kofevarka-vitek-vt-1521
Кофеварки, Кофемашина Krups EA-894T10 ,/product/view/kofemashina-krups-ea-894t10
Кофеварки, Кофеварка Delonghi ECAM 350.75.S  ,/product/view/kofevarka-delonghi-ecam-350-75-s
Кофеварки, Кофеварка Zelmer CM1000X ,/product/view/kofevarka-zelmer-cm1000x
Кофеварки, Кофеварка Philips HD 7447 ,/product/view/kofevarka-philips-hd-7447
Кофеварки, Кофеварка Beko CFM-4350 красная ,/product/view/kofevarka-beko-cfm-4350-krasnaya
Кофеварки, Кофеварка Delonghi ECAM 22.360 ,/product/view/kofevarka-delonghi-ecam-22-360
Кофеварки, Кофеварка Zelmer CM2004M ,/product/view/kofevarka-zelmer-cm2004m
Кофеварки, Кофеварка Gorenje ATCM730T ,/product/view/kofevarka-gorenje-atcm730t
Кофеварки, Кофеварка Redmond SkyCoffee M1505S ,/product/view/kofevarka-redmond-skycoffee-m1505s
Кофеварки, Кофемашина Delonghi ECAM-370.85 SB ,/product/view/kofemashina-delonghi-ecam-370-85-sb
Кофеварки, Электрическая турка Centek CT-1097 белая ,/product/view/elektricheskaya-turka-centek-ct-1097-belaya
Кофеварки, Электрическая турка Centek CT-1097 черная ,/product/view/elektricheskaya-turka-centek-ct-1097-chernaya
Кофеварки, Кофемашина Delonghi ECAM-550.55.SB ,/product/view/kofemashina-delonghi-ecam-550-55-sb
Кофеварки, Кофеварка Russell Hobbs 20135-56 Colors бежевая ,/product/view/kofevarka-russell-hobbs-20135-56-colors-bezhevaya
Кофеварки, Кофеварка Russell Hobbs 22610-56 Textures белая ,/product/view/kofevarka-russell-hobbs-22610-56-textures-belaya
Кофеварки, Кофемашина Krups EA-8918 ,/product/view/kofemashina-krups-ea-8918
Кофеварки, Кофеварка VITEK VT-1503 ,/product/view/kofevarka-vitek-vt-1503
Кофеварки, Кофеварка Russell Hobbs 22620-56 Textures черная ,/product/view/kofevarka-russell-hobbs-22620-56-textures-chernaya
Кофеварки, Кофеварка Russell Hobbs 24010-56 ,/product/view/kofevarka-russell-hobbs-24010-56
category_name,title,link
Гладильные доски, Гладильная доска Katarina 223714 ,/product/view/gladilnaya-doska-katarina-223714
Гладильные доски, Гладильная доска Perilla Diva 14011 ,/product/view/gladilnaya-doska-perilla-diva-14011
Гладильные доски, Гладильная доска Perilla Nano ,/product/view/gladilnaya-doska-perilla-nano
Гладильные доски, Гладильная доска Perilla Диана 217718 ,/product/view/gladilnaya-doska-perilla-diana-217718
Гладильные доски, Гладильная доска Perilla Премиум 14013 ,/product/view/gladilnaya-doska-perilla-premium-14013
Гладильные доски, Гладильная доска Perilla Томрис 15018 ,/product/view/gladilnaya-doska-perilla-tomris-15018
Гладильные доски, Гладильная доска Perilla Эко Класс 15001 ,/product/view/gladilnaya-doska-perilla-eko-klass-15001
Гладильные доски, Гладильная доска Delonghi ADS-3600 ,/product/view/gladilnaya-doska-delonghi-ads-3600
Гладильные доски, Гладильная доска Perilla Сильвия 214113 ,/product/view/gladilnaya-doska-perilla-silviya-214113
Гладильные доски, Гладильная доска Haushalt M ,/product/view/gladilnaya-doska-haushalt-m
Гладильные доски, Гладильная доска Tefal IB-5100 ,/product/view/gladilnaya-doska-tefal-ib-5100
Гладильные доски, Стойка гладильного пресса VLK Verono stand 3060 ,/product/view/stoyka-gladilnogo-pressa-vlk-verono-stand-3060
Гладильные доски, Гладильная доска Nika Валенсия HB1 ,/product/view/gladilnaya-doska-nika-valensiya-hb1
Гладильные доски, Гладильная доска Nika Верона ДВ1 ,/product/view/gladilnaya-doska-nika-verona-dv1
Гладильные доски, Гладильная доска Braun IB-3001 ,/product/view/gladilnaya-doska-braun-ib-3001
Гладильные доски, Гладильная доска Perilla Домина 223708 ,/product/view/gladilnaya-doska-perilla-domina-223708
Гладильные доски, Гладильная доска Perilla Капитол 213101 ,/product/view/gladilnaya-doska-perilla-kapitol-213101
Гладильные доски, Гладильная доска Perilla Сити 223712 ,/product/view/gladilnaya-doska-perilla-siti-223712
Гладильные доски, Гладильная доска Perilla Элона 214702 ,/product/view/gladilnaya-doska-perilla-elona-214702
Гладильные доски, Гладильная доска Haushalt XL ,/product/view/gladilnaya-doska-haushalt-xl
category_name,title,link
Гладильные доски, Гладильная доска Katarina 223714 ,/product/view/gladilnaya-doska-katarina-223714
Гладильные доски, Гладильная доска Perilla Diva 14011 ,/product/view/gladilnaya-doska-perilla-diva-14011
Гладильные доски, Гладильная доска Perilla Nano ,/product/view/gladilnaya-doska-perilla-nano
Гладильные доски, Гладильная доска Perilla Диана 217718 ,/product/view/gladilnaya-doska-perilla-diana-217718
Гладильные доски, Гладильная доска Perilla Премиум 14013 ,/product/view/gladilnaya-doska-perilla-premium-14013
Гладильные доски, Гладильная доска Perilla Томрис 15018 ,/product/view/gladilnaya-doska-perilla-tomris-15018
Гладильные доски, Гладильная доска Perilla Эко Класс 15001 ,/product/view/gladilnaya-doska-perilla-eko-klass-15001
Гладильные доски, Гладильная доска Delonghi ADS-3600 ,/product/view/gladilnaya-doska-delonghi-ads-3600
Гладильные доски, Гладильная доска Perilla Сильвия 214113 ,/product/view/gladilnaya-doska-perilla-silviya-214113
Гладильные доски, Гладильная доска Haushalt M ,/product/view/gladilnaya-doska-haushalt-m
Гладильные доски, Гладильная доска Tefal IB-5100 ,/product/view/gladilnaya-doska-tefal-ib-5100
Гладильные доски, Стойка гладильного пресса VLK Verono stand 3060 ,/product/view/stoyka-gladilnogo-pressa-vlk-verono-stand-3060
Гладильные доски, Гладильная доска Nika Валенсия HB1 ,/product/view/gladilnaya-doska-nika-valensiya-hb1
Гладильные доски, Гладильная доска Nika Верона ДВ1 ,/product/view/gladilnaya-doska-nika-verona-dv1
Гладильные доски, Гладильная доска Braun IB-3001 ,/product/view/gladilnaya-doska-braun-ib-3001
Гладильные доски, Гладильная доска Perilla Домина 223708 ,/product/view/gladilnaya-doska-perilla-domina-223708
Гладильные доски, Гладильная доска Perilla Капитол 213101 ,/product/view/gladilnaya-doska-perilla-kapitol-213101
Гладильные доски, Гладильная доска Perilla Сити 223712 ,/product/view/gladilnaya-doska-perilla-siti-223712
Гладильные доски, Гладильная доска Perilla Элона 214702 ,/product/view/gladilnaya-doska-perilla-elona-214702
Гладильные доски, Гладильная доска Haushalt XL ,/product/view/gladilnaya-doska-haushalt-xl
category_name,title,link
Гладильные доски, Гладильная доска Katarina 223714 ,/product/view/gladilnaya-doska-katarina-223714
Гладильные доски, Гладильная доска Perilla Diva 14011 ,/product/view/gladilnaya-doska-perilla-diva-14011
Гладильные доски, Гладильная доска Perilla Nano ,/product/view/gladilnaya-doska-perilla-nano
Гладильные доски, Гладильная доска Perilla Диана 217718 ,/product/view/gladilnaya-doska-perilla-diana-217718
Гладильные доски, Гладильная доска Perilla Премиум 14013 ,/product/view/gladilnaya-doska-perilla-premium-14013
Гладильные доски, Гладильная доска Perilla Томрис 15018 ,/product/view/gladilnaya-doska-perilla-tomris-15018
Гладильные доски, Гладильная доска Perilla Эко Класс 15001 ,/product/view/gladilnaya-doska-perilla-eko-klass-15001
Гладильные доски, Гладильная доска Delonghi ADS-3600 ,/product/view/gladilnaya-doska-delonghi-ads-3600
Гладильные доски, Гладильная доска Perilla Сильвия 214113 ,/product/view/gladilnaya-doska-perilla-silviya-214113
Гладильные доски, Гладильная доска Haushalt M ,/product/view/gladilnaya-doska-haushalt-m
Гладильные доски, Гладильная доска Tefal IB-5100 ,/product/view/gladilnaya-doska-tefal-ib-5100
Гладильные доски, Стойка гладильного пресса VLK Verono stand 3060 ,/product/view/stoyka-gladilnogo-pressa-vlk-verono-stand-3060
Гладильные доски, Гладильная доска Nika Валенсия HB1 ,/product/view/gladilnaya-doska-nika-valensiya-hb1
Гладильные доски, Гладильная доска Nika Верона ДВ1 ,/product/view/gladilnaya-doska-nika-verona-dv1
Гладильные доски, Гладильная доска Braun IB-3001 ,/product/view/gladilnaya-doska-braun-ib-3001
Гладильные доски, Гладильная доска Perilla Домина 223708 ,/product/view/gladilnaya-doska-perilla-domina-223708
Гладильные доски, Гладильная доска Perilla Капитол 213101 ,/product/view/gladilnaya-doska-perilla-kapitol-213101
Гладильные доски, Гладильная доска Perilla Сити 223712 ,/product/view/gladilnaya-doska-perilla-siti-223712
Гладильные доски, Гладильная доска Perilla Элона 214702 ,/product/view/gladilnaya-doska-perilla-elona-214702
Гладильные доски, Гладильная доска Haushalt XL ,/product/view/gladilnaya-doska-haushalt-xl
